Symbol,MyID,Name,IsETF
A,1,Agilent Technologies Inc.,0
AAL,6,American Airlines Group Inc,0
AAP,12,Advance Auto Parts Inc,0
AAPL,14,Apple Inc,0
ABBV,25,Abbvie Inc,0
ABC,26,Amerisource Bergen Corp.,0
ABT,45,Abbott Laboratories,0
ABUS,48,Arbutus Biopharma Corp,0
ACAD,52,Acadia Pharmaceuticals Inc,0
ACIU,65,AC Immune SA,0
ACN,69,Accenture plc - Class A,0
ACWI,85,BlackRock Institutional Trust Company N.A. - iShares MSCI ACWI ETF,0
ADAP,90,Adaptimmune Therapeutics Plc - ADR,0
ADBE,91,Adobe Inc,0
ADI,96,Analog Devices Inc.,0
ADM,99,Archer Daniels Midland Co.,0
ADP,104,Automatic Data Processing Inc.,0
ADSK,111,Autodesk Inc.,0
ADVM,115,Adverum Biotechnologies Inc,0
AEE,123,Ameren Corp.,0
AEP,134,American Electric Power Company Inc.,0
AES,137,AES Corp.,0
AFL,156,Aflac Inc.,0
AFMD,157,Affimed N.V.,0
AGG,180,BlackRock Institutional Trust Company N.A. - iShares Core U.S. Aggregate Bond ETF,0
AGIO,187,Agios Pharmaceuticals Inc,0
AGLE,188,Aeglea BioTherapeutics Inc,0
AIG,238,American International Group Inc,0
AIR,247,AAR Corp.,0
AIZ,257,Assurant Inc,0
AJG,258,Arthur J. Gallagher & Co.,0
AKAM,262,Akamai Technologies Inc,0
AKBA,264,Akebia Therapeutics Inc.,0
ALB,276,Albemarle Corp.,0
ALGN,288,"Align Technology, Inc.",0
ALK,293,Alaska Air Group Inc.,0
ALKS,294,Alkermes plc,0
ALL,295,Allstate Corp (The),0
ALLE,300,Allegion plc,0
ALLK,10577,Allakos Inc,0
ALLO,10900,Allogene Therapeutics Inc,0
ALNY,307,Alnylam Pharmaceuticals Inc,0
ALT,8407,Altimmune Inc,0
AMAT,324,Applied Materials Inc.,0
AMD,332,Advanced Micro Devices Inc.,0
AME,334,Ametek Inc,0
AMGN,338,AMGEN Inc.,0
AMP,356,Ameriprise Financial Inc,0
AMPY,11820,Amplify Energy Corp.,0
AMRS,364,Amyris Inc,0
AMT,369,American Tower Corp.,0
AMZN,379,Amazon.com Inc.,0
ANAB,381,AnaptysBio Inc,0
ANET,391,Arista Networks Inc,0
ANSS,403,Ansys Inc. - Registered Shares,0
AOS,417,A.O. Smith Corp.,0
APA,420,APA Corporation,0
APD,424,Air Products & Chemicals Inc.,0
APH,431,Amphenol Corp. - Class A,0
APLS,9616,Apellis Pharmaceuticals Inc,0
APTV,9729,Aptiv PLC,0
AQB,450,AquaBounty Technologies Inc,0
AR,454,Antero Resources Corp,0
ARDX,469,Ardelyx Inc,0
ARE,470,Alexandria Real Estate Equities Inc.,0
ARGX,8448,Argen X SE - ADR,0
ARKG,483,ARK Investment Management LLC - ARK Genomic Revolution ETF,0
ARKK,484,ARK Investment Management LLC - ARK Innovation ETF,0
ARKQ,485,ARK Investment Management LLC - ARK Autonomous Technology & Robotics ETF,0
ARKW,487,ARK Investment Management LLC - ARK Next Generation Internet ETF,0
ARVN,10829,Arvinas Inc,0
ARWR,509,Arrowhead Pharmaceuticals Inc.,0
ASMB,529,Assembly Biosciences Inc,0
ASML,530,ASML Holding NV - New York Shares,0
ASND,532,Ascendis Pharma A/S - ADR,0
ATNX,8518,Athenex Inc,0
ATO,561,Atmos Energy Corp.,0
ATRA,565,Atara Biotherapeutics Inc,0
ATVI,575,Activision Blizzard Inc,0
AUMN,580,Golden Minerals Co,0
AVAV,588,AeroVironment Inc.,0
AVB,589,Avalonbay Communities Inc.,0
AVGO,593,Broadcom Inc,0
AVRO,10461,AvroBio Inc,0
AVY,606,Avery Dennison Corp.,0
AWK,610,American Water Works Co. Inc.,0
AXP,627,American Express Co.,0
AXSM,632,Axsome Therapeutics Inc,0
AZN,641,Astrazeneca plc - ADR,0
AZO,642,Autozone Inc.,0
BA,649,Boeing Co.,0
BAC,654,Bank Of America Corp.,0
BALL,21026,Ball Corp.,0
BAX,683,Baxter International Inc.,0
BBWI,18959,Bath & Body Works Inc,0
BBY,710,Best Buy Co. Inc.,0
BCRX,728,Biocryst Pharmaceuticals Inc.,0
BDX,748,"Becton, Dickinson And Co.",0
BEN,757,"Franklin Resources, Inc.",0
BF.B,22080,Brown-Forman Corp. - Class B,0
BGNE,785,BeiGene Ltd - ADR,0
BHVN,8389,Biohaven Ltd,0
BIDU,809,Baidu Inc - ADR,0
BIIB,813,Biogen Inc,0
BIO,815,Bio-Rad Laboratories Inc. - Class A,0
BIV,827,"Vanguard Group, Inc. - Vanguard Intermediate-Term Bond ETF",0
BK,833,Bank Of New York Mellon Corp,0
BKNG,10124,Booking Holdings Inc,0
BKR,12015,Baker Hughes Co - Class A,0
BLK,866,Blackrock Inc.,0
BLUE,874,Bluebird bio Inc,0
BMRN,895,Biomarin Pharmaceutical Inc. - Registered Shares,0
BMY,898,Bristol-Myers Squibb Co.,0
BND,901,"Vanguard Group, Inc. - Vanguard Total Bond Market ETF",0
BNDX,904,"Vanguard Group, Inc. - Vanguard Total International Bond ETF",0
BPMC,945,Blueprint Medicines Corp,0
BR,954,"Broadridge Financial Solutions, Inc.",0
BRK.B,22084,Berkshire Hathaway Inc. - Class B,0
BRKR,970,Bruker Corp,0
BRN,972,Barnwell Industries Inc.,0
BRO,973,"Brown & Brown, Inc.",0
BSM,1005,Black Stone Minerals L.P. - Unit,0
BSV,1013,"Vanguard Group, Inc. - Vanguard Short-Term Bond ETF",0
BSX,1015,Boston Scientific Corp.,0
BWA,1044,BorgWarner Inc,0
BXP,1062,"Boston Properties, Inc.",0
C,1076,Citigroup Inc,0
CAG,1094,Conagra Brands Inc,0
CAH,1095,"Cardinal Health, Inc.",0
CAR,1115,Avis Budget Group Inc,0
CARA,1116,Cara Therapeutics Inc,0
CAT,1128,Caterpillar Inc.,0
CB,1138,Chubb Limited,0
CBAY,1142,Cymabay Therapeutics Inc,0
CBOE,1162,Cboe Global Markets Inc.,0
CBRE,10168,CBRE Group Inc - Class A,0
CCI,1185,Crown Castle Inc,0
CCL,1189,Carnival Corp. (Paired Stock),0
CDAY,10282,Ceridian HCM Holding Inc.,0
CDE,1207,Coeur Mining Inc,0
CDNA,1212,Caredx Inc,0
CDNS,1213,"Cadence Design Systems, Inc.",0
CDW,1219,CDW Corp,0
CDXS,1221,Codexis Inc.,0
CE,1223,Celanese Corp - Series A,0
CEI,1231,Camber Energy Inc,0
CEQP,1245,Crestwood Equity Partners LP - Unit,0
CERS,1249,Cerus Corp.,0
CF,1260,CF Industries Holdings Inc,0
CFG,1271,Citizens Financial Group Inc,0
CGEN,16472,Compugen Ltd,0
CHD,1297,"Church & Dwight Co., Inc.",0
CHRS,1326,Coherus Biosciences Inc,0
CHRW,1327,"C.H. Robinson Worldwide, Inc.",0
CHTR,1337,Charter Communications Inc. - Class A,0
CI,1344,Cigna Group (The),0
CINF,1362,Cincinnati Financial Corp.,0
CL,1382,Colgate-Palmolive Co.,0
CLF,1397,Cleveland-Cliffs Inc,0
CLLS,1404,Cellectis - ADR,0
CLX,1432,Clorox Co.,0
CMA,1436,"Comerica, Inc.",0
CMCSA,1442,Comcast Corp - Class A,0
CME,1446,CME Group Inc - Class A,0
CMG,1449,Chipotle Mexican Grill,0
CMI,1450,Cummins Inc.,0
CMS,1461,CMS Energy Corporation,0
CNC,1471,Centene Corp.,0
CNP,1489,Centerpoint Energy Inc.,0
CNX,1497,CNX Resources Corp,0
COF,1509,Capital One Financial Corp.,0
COGT,15733,Cogent Biosciences Inc,0
COO,1532,"Cooper Companies, Inc.",0
COP,1534,Conoco Phillips,0
COST,1545,Costco Wholesale Corp,0
CPB,1563,Campbell Soup Co.,0
CPE,1564,Callon Petroleum Co.,0
CPK,1573,Chesapeake Utilities Corp,0
CPRT,1578,"Copart, Inc.",0
CPT,1585,Camden Property Trust,0
CRK,1611,"Comstock Resources, Inc.",0
CRL,1612,Charles River Laboratories International Inc.,0
CRM,1613,Salesforce Inc,0
CRNX,10566,Crinetics Pharmaceuticals Inc,0
CRSP,1623,CRISPR Therapeutics AG,0
CRT,1624,Cross Timbers Royalty Trust,0
CSCO,1640,"Cisco Systems, Inc.",0
CSGP,1645,"Costar Group, Inc.",0
CSX,1667,CSX Corp.,0
CTAS,1669,Cintas Corporation,0
CTLT,1679,Catalent Inc.,0
CTMX,1680,CytomX Therapeutics Inc,0
CTRA,19499,Coterra Energy Inc,0
CTSH,1690,Cognizant Technology Solutions Corp. - Class A,0
CVM,1735,Cel-Sci Corp.,0
CVS,1742,CVS Health Corp,0
CVX,1746,Chevron Corp.,0
CYTK,1787,Cytokinetics Inc,0
CZR,1794,Caesars Entertainment Inc,0
D,1797,Dominion Energy Inc,0
DAL,1802,"Delta Air Lines, Inc.",0
DCPH,9399,Deciphera Pharmaceuticals Inc,0
DD,11588,DuPont de Nemours Inc,0
DDD,1855,3D Systems Corp.,0
DE,1870,Deere & Co.,0
DFS,1905,Discover Financial Services,0
DG,1911,Dollar General Corp.,0
DGRO,1924,BlackRock Institutional Trust Company N.A. - iShares Core Dividend Growth ETF,0
DGX,1930,"Quest Diagnostics, Inc.",0
DHI,1935,D.R. Horton Inc.,0
DHR,1937,Danaher Corp.,0
DIA,1944,SSgA Active Trust - SPDR Dow Jones Industrial Average ETF,0
DIS,1951,Walt Disney Co (The),0
DISH,1955,Dish Network Corp - Class A,0
DLR,1980,Digital Realty Trust Inc,0
DLTR,1986,Dollar Tree Inc,0
DNLI,9739,Denali Therapeutics Inc,0
DOCU,10288,DocuSign Inc,0
DOV,2015,Dover Corp.,0
DPZ,2024,Dominos Pizza Inc,0
DRI,2032,"Darden Restaurants, Inc.",0
DTE,2069,DTE Energy Co.,0
DUK,2088,Duke Energy Corp.,0
DVA,2094,DaVita Inc,0
DVN,2101,Devon Energy Corp.,0
DVY,2103,BlackRock Institutional Trust Company N.A. - iShares Select Dividend ETF,0
DXC,2125,DXC Technology Co,0
DXCM,2126,Dexcom Inc,0
EA,2157,"Electronic Arts, Inc.",0
EBAY,2171,EBay Inc.,0
EBS,2180,Emergent Biosolutions Inc,0
ECL,2192,"Ecolab, Inc.",0
ED,2201,"Consolidated Edison, Inc.",0
EDIT,2211,Editas Medicine Inc,0
EEM,2228,BlackRock Institutional Trust Company N.A. - iShares MSCI Emerging Markets ETF,0
EFA,2240,BlackRock Institutional Trust Company N.A. - iShares MSCI EAFE ETF,0
EFV,2257,BlackRock Institutional Trust Company N.A. - iShares MSCI EAFE Value ETF,0
EFX,2258,"Equifax, Inc.",0
EGRX,2275,Eagle Pharmaceuticals Inc,0
EGY,2277,"VAALCO Energy, Inc.",0
EIGR,2286,Eiger BioPharmaceuticals Inc,0
EIX,2293,Edison International,0
EL,2295,"Estee Lauder Cos., Inc. - Class A",0
EMB,2319,BlackRock Institutional Trust Company N.A. - iShares J.P. Morgan USD Emerging Markets Bond ETF,0
EMN,2346,Eastman Chemical Co,0
EMR,2350,Emerson Electric Co.,0
ENPH,2371,Enphase Energy Inc,0
ENTA,2378,Enanta Pharmaceuticals Inc,0
EOG,2390,"EOG Resources, Inc.",0
EPAM,2394,EPAM Systems Inc,0
EPM,2403,Evolution Petroleum Corporation,0
EQIX,2422,Equinix Inc,0
EQR,2426,Equity Residential Properties Trust,0
EQT,2428,EQT Corp,0
ES,2451,Eversource Energy,0
ESGU,2467,iShares Trust - iShares Trust iShares ESG Aware MSCI USA ETF,0
ESLT,16477,Elbit Systems Ltd.,0
ESPR,2476,Esperion Therapeutics Inc.,0
ESS,2479,"Essex Property Trust, Inc.",0
ESTE,2481,Earthstone Energy Inc - Class A,0
ETN,2492,Eaton Corporation plc,0
ETR,2495,Entergy Corp.,0
ETSY,2497,Etsy Inc,0
EVRG,10412,Evergy Inc,0
EW,2551,Edwards Lifesciences Corp,0
EXAS,2585,Exact Sciences Corp.,0
EXC,2586,Exelon Corp.,0
EXEL,2589,Exelixis Inc,0
EXPD,2596,"Expeditors International Of Washington, Inc.",0
EXPE,2597,Expedia Group Inc,0
EXR,2600,Extra Space Storage Inc.,0
F,2617,Ford Motor Co.,0
FANG,2627,Diamondback Energy Inc,0
FAST,2632,Fastenal Co.,0
FATE,2633,Fate Therapeutics Inc,0
FCX,2684,Freeport-McMoRan Inc,0
FDS,2698,Factset Research Systems Inc.,0
FDX,2703,Fedex Corp,0
FE,2704,Firstenergy Corp.,0
FFIV,2734,F5 Inc,0
FGEN,2743,FibroGen Inc,0
FIS,2775,"Fidelity National Information Services, Inc.",0
FISV,2778,"Fiserv, Inc.",0
FITB,2780,Fifth Third Bancorp,0
FIXX,10210,Homology Medicines Inc,0
FLGT,2802,Fulgent Genetics Inc,0
FLT,2825,Fleetcor Technologies Inc,0
FMC,2837,FMC Corp.,0
FOLD,2885,Amicus Therapeutics Inc,0
FRC,2920,First Republic Bank,0
FRT,2939,Federal Realty Investment Trust.,0
FTCH,10810,Farfetch Ltd - Class A,0
FTNT,2980,Fortinet Inc,0
FTV,2988,Fortive Corp,0
GBR,3088,New Concept Energy Inc,0
GD,3103,General Dynamics Corp.,0
GDX,3117,VanEck ETF Trust - VanEck Gold Miners ETF,0
GE,3121,General Electric Co.,0
GERN,3139,Geron Corp.,0
GH,10875,Guardant Health Inc,0
GILD,3185,"Gilead Sciences, Inc.",0
GIS,3189,"General Mills, Inc.",0
GL,11851,Globe Life Inc,0
GLD,3206,SSgA Active Trust - SPDR Gold Shares ETF,0
GLPG,3220,Galapagos NV - ADR,0
GLW,3230,"Corning, Inc.",0
GM,3232,General Motors Company,0
GMDA,10963,Gamida Cell Ltd,0
GNRC,3260,Generac Holdings Inc,0
GOOG,3279,Alphabet Inc - Class C,0
GOOGL,3280,Alphabet Inc - Class A,0
GORO,3282,Gold Resource Corporation,0
GOVT,3285,BlackRock Institutional Trust Company N.A. - iShares U.S. Treasury Bond ETF,0
GPC,3289,Genuine Parts Co.,0
GPN,3299,"Global Payments, Inc.",0
GRFS,3317,Grifols SA - ADR - Level III,0
GRMN,3321,Garmin Ltd,0
GS,3335,"Goldman Sachs Group, Inc.",0
GTHX,8446,G1 Therapeutics Inc,0
GWW,3414,W.W. Grainger Inc.,0
HAL,3438,Halliburton Co.,0
HALO,3440,Halozyme Therapeutics Inc.,0
HAS,3443,"Hasbro, Inc.",0
HBAN,3449,"Huntington Bancshares, Inc.",0
HCA,3464,HCA Healthcare Inc,0
HD,3481,"Home Depot, Inc.",0
HEI,3508,Heico Corp.,0
HES,3514,Hess Corporation,0
HIG,3557,Hartford Financial Services Group Inc.,0
HII,3560,Huntington Ingalls Industries Inc,0
HLT,3583,Hilton Worldwide Holdings Inc,0
HOLX,3609,"Hologic, Inc.",0
HON,3613,Honeywell International Inc,0
HP,3621,"Helmerich & Payne, Inc.",0
HPE,3622,Hewlett Packard Enterprise Co,0
HPQ,3627,HP Inc,0
HRL,3640,Hormel Foods Corp.,0
HSIC,3655,Henry Schein Inc.,0
HST,3661,Host Hotels & Resorts Inc,0
HSY,3663,Hershey Company,0
HUM,3688,Humana Inc.,0
HUSA,3695,Houston American Energy Corp,0
HWM,14936,Howmet Aerospace Inc,0
HYG,3712,BlackRock Institutional Trust Company N.A. - iShares iBoxx USD High Yield Corporate Bond ETF,0
IAU,3743,BlackRock Institutional Trust Company N.A. - iShares Gold Trust,0
IBB,3745,BlackRock Institutional Trust Company N.A. - iShares Biotechnology ETF,0
IBM,3769,International Business Machines Corp.,0
IBRX,17418,ImmunityBio Inc,0
ICD,3789,Independence Contract Drilling Inc,0
ICE,3790,Intercontinental Exchange Inc,0
ICPT,3800,Intercept Pharmaceuticals Inc,0
IDXX,3824,"Idexx Laboratories, Inc.",0
IEF,3826,BlackRock Institutional Trust Company N.A. - iShares 7-10 Year Treasury Bond ETF,0
IEFA,3827,BlackRock Institutional Trust Company N.A. - iShares Core MSCI EAFE ETF,0
IEMG,3829,BlackRock Institutional Trust Company N.A. - iShares Core MSCI Emerging Markets ETF,0
IEX,3836,Idex Corporation,0
IFF,3840,International Flavors & Fragrances Inc.,0
IGSB,10637,BlackRock Institutional Trust Company N.A. - iShares Trust iShares 1-5 Year Investment Grade Corporate Bond ETF,0
IJH,3886,BlackRock Institutional Trust Company N.A. - iShares Core S&P Mid-Cap ETF,0
IJR,3889,BlackRock Institutional Trust Company N.A. - iShares Core S&P Small-Cap ETF,0
ILMN,3896,Illumina Inc,0
IMGN,3901,"Immunogen, Inc.",0
IMUX,11427,Immunic Inc,0
INCY,3924,Incyte Corp.,0
INO,3946,Inovio Pharmaceuticals Inc,0
INSM,3957,Insmed Inc,0
INTC,3962,Intel Corp.,0
INTU,3967,Intuit Inc,0
INVH,3972,Invitation Homes Inc,0
IONS,3980,Ionis Pharmaceuticals Inc,0
IOVA,8566,Iovance Biotherapeutics Inc,0
IP,3985,International Paper Co.,0
IPG,3998,"Interpublic Group Of Cos., Inc.",0
IQV,9652,IQVIA Holdings Inc,0
IR,4020,Ingersoll-Rand Inc,0
IRDM,4023,Iridium Communications Inc,0
IRM,4029,Iron Mountain Inc.,0
IRWD,4037,Ironwood Pharmaceuticals Inc - Class A,0
ISEE,11439,IVERIC bio Inc,0
ISRG,4056,Intuitive Surgical Inc,0
IT,4063,"Gartner, Inc.",0
ITCI,4067,Intra-Cellular Therapies Inc,0
ITOT,4078,BlackRock Institutional Trust Company N.A. - iShares Core S&P Total U.S. Stock Market ETF,0
ITW,4085,"Illinois Tool Works, Inc.",0
IUSB,4086,BlackRock Institutional Trust Company N.A. - iShares Core Total USD Bond Market ETF,0
IVE,4092,BlackRock Institutional Trust Company N.A. - iShares S&P 500 Value ETF,0
IVV,4106,BlackRock Institutional Trust Company N.A. - iShares Core S&P 500 ETF,0
IVW,4107,BlackRock Institutional Trust Company N.A. - iShares S&P 500 Growth ETF,0
IVZ,4108,Invesco Ltd,0
IWB,4109,BlackRock Institutional Trust Company N.A. - iShares Russell 1000 ETF,0
IWD,4111,BlackRock Institutional Trust Company N.A. - iShares Russell 1000 Value ETF,0
IWF,4112,BlackRock Institutional Trust Company N.A. - iShares Russell 1000 Growth ETF,0
IWM,4114,BlackRock Institutional Trust Company N.A. - iShares Russell 2000 ETF,0
IWN,4115,BlackRock Institutional Trust Company N.A. - iShares Russell 2000 Value ETF,0
IWP,4117,BlackRock Institutional Trust Company N.A. - iShares Russell Mid-Cap Growth ETF,0
IWR,4118,BlackRock Institutional Trust Company N.A. - iShares Russell Mid-Cap ETF,0
IWS,4119,BlackRock Institutional Trust Company N.A. - iShares Russell Mid-Cap Value ETF,0
IXUS,4129,BlackRock Institutional Trust Company N.A. - iShares Core MSCI Total International Stock ETF,0
J,14628,Jacobs Solutions Inc,0
JBHT,4155,"J.B. Hunt Transport Services, Inc.",0
JBLU,4158,Jetblue Airways Corp,0
JCI,4165,Johnson Controls International plc - Registered Shares,0
JD,4171,JD.com Inc - ADR,0
JKHY,4222,"Jack Henry & Associates, Inc.",0
JNCE,4240,Jounce Therapeutics Inc,0
JNJ,4241,Johnson & Johnson,0
JNPR,4244,Juniper Networks Inc,0
JPM,4266,JPMorgan Chase & Co.,0
JPST,8459,J.P.Morgan Investment Management Inc. - JPMorgan Ultra-Short Income ETF,0
K,4314,Kellogg Co,0
KALA,8638,Kala Pharmaceuticals Inc,0
KALV,4320,KalVista Pharmaceuticals Inc,0
KDNY,15741,Chinook Therapeutics Inc,0
KDP,10546,Keurig Dr Pepper Inc,0
KEX,4355,Kirby Corp.,0
KEY,4356,Keycorp,0
KEYS,4358,Keysight Technologies Inc,0
KHC,4369,Kraft Heinz Co,0
KIM,4371,Kimco Realty Corporation,0
KLAC,4384,KLA Corp.,0
KMB,4393,Kimberly-Clark Corp.,0
KMI,4397,Kinder Morgan Inc - Class P,0
KMX,4405,Carmax Inc,0
KNSA,10374,Kiniksa Pharmaceuticals Ltd - Class A,0
KO,4414,Coca-Cola Co,0
KOD,10877,Kodiak Sciences Inc,0
KPTI,4431,Karyopharm Therapeutics Inc,0
KR,4432,Kroger Co.,0
KRP,4443,Kimbell Royalty Partners LP - Units,0
KRYS,9368,Krystal Biotech Inc,0
KTOS,4459,Kratos Defense & Security Solutions Inc,0
KURA,4464,Kura Oncology Inc,0
KZR,10466,Kezar Life Sciences Inc,0
L,4476,Loews Corp.,0
LC,4509,LendingClub Corp,0
LDOS,4521,Leidos Holdings Inc,0
LEN,4536,Lennar Corp. - Class A,0
LGND,4557,"Ligand Pharmaceuticals, Inc. - Class B",0
LH,4558,Laboratory Corp. Of America Holdings,0
LHX,11710,L3Harris Technologies Inc,0
LIN,10989,Linde Plc.,0
LKQ,4583,LKQ Corp,0
LLY,4592,Lilly(Eli) & Co,0
LMT,4609,Lockheed Martin Corp.,0
LNC,4611,Lincoln National Corp.,0
LNT,4619,Alliant Energy Corp.,0
LODE,4624,Comstock Inc,0
LOW,4632,"Lowe`s Cos., Inc.",0
LPSN,4641,Liveperson Inc,0
LQD,4647,BlackRock Institutional Trust Company N.A. - iShares iBoxx USD Investment Grade Corporate Bond ETF,0
LRCX,4651,Lam Research Corp.,0
LRMR,15082,Larimar Therapeutics Inc,0
LSTR,4659,"Landstar System, Inc.",0
LULU,4677,Lululemon Athletica inc.,0
LUMN,15585,Lumen Technologies Inc,0
LUV,4679,Southwest Airlines Co,0
LVS,4689,Las Vegas Sands Corp,0
LW,4690,Lamb Weston Holdings Inc,0
LYB,4699,LyondellBasell Industries NV - Class A,0
LYV,4702,Live Nation Entertainment Inc,0
MA,4705,Mastercard Incorporated - Class A,0
MAA,4706,"Mid-America Apartment Communities, Inc.",0
MAR,4722,"Marriott International, Inc. - Class A",0
MAS,4726,Masco Corp.,0
MATX,4733,Matson Inc,0
MBB,4738,BlackRock Institutional Trust Company N.A. - iShares MBS ETF,0
MCD,4759,McDonald`s Corp,0
MCHP,4765,"Microchip Technology, Inc.",0
MCK,4768,Mckesson Corporation,0
MCO,4770,Moody`s Corp.,0
MCRB,4772,Seres Therapeutics Inc,0
MDGL,4784,Madrigal Pharmaceuticals Inc,0
MDLZ,4790,Mondelez International Inc. - Class A,0
MDT,4796,Medtronic Plc,0
MDY,4802,State Street Global Advisors - S&P MidCap 400 ETF,0
MEDP,4807,Medpace Holdings Inc,0
MELI,4811,MercadoLibre Inc,0
MESO,4822,Mesoblast Ltd - ADR,0
MET,4823,Metlife Inc,0
META,21760,Meta Platforms Inc - Class A,0
MGA,4843,Magna International Inc.,0
MGM,4853,MGM Resorts International,0
MGNX,4854,Macrogenics Inc,0
MGTA,10467,Magenta Therapeutics Inc,0
MGTX,10422,MeiraGTx Holdings plc,0
MGY,10641,Magnolia Oil & Gas Corp - Class A,0
MHK,4869,"Mohawk Industries, Inc.",0
MINT,4896,Pimco Exchange Traded Fund - PIMCO Enhanced Short Maturity Active Exchange-Traded Fund,0
MKC,4908,"McCormick & Co., Inc. (Non Voting)",0
MKTX,4912,MarketAxess Holdings Inc.,0
MLM,4917,"Martin Marietta Materials, Inc.",0
MMC,4940,"Marsh & McLennan Cos., Inc.",0
MMM,4945,3M Co.,0
MNKD,4961,Mannkind Corp,0
MNOV,4962,Medicinova Inc,0
MNST,4968,Monster Beverage Corp.,0
MO,4971,Altria Group Inc.,0
MOH,4982,Molina Healthcare Inc,0
MOR,10266,Morphosys AG - ADR,0
MOS,4991,Mosaic Company,0
MPC,5002,Marathon Petroleum Corp,0
MPWR,5011,Monolithic Power System Inc,0
MRK,5023,Merck & Co Inc,0
MRNA,11193,Moderna Inc,0
MRNS,5025,Marinus Pharmaceuticals Inc,0
MRO,5026,Marathon Oil Corporation,0
MRSN,8567,Mersana Therapeutics Inc,0
MRTX,5030,Mirati Therapeutics Inc,0
MRVL,5033,Marvell Technology Inc,0
MS,5034,Morgan Stanley,0
MSB,5037,Mesabi Trust,0
MSCI,5042,MSCI Inc,0
MSFT,5051,Microsoft Corporation,0
MSI,5055,Motorola Solutions Inc,0
MTB,5067,M & T Bank Corp,0
MTD,5074,"Mettler-Toledo International, Inc.",0
MTDR,5075,Matador Resources Co,0
MTLS,5086,Materialise Nv - ADR,0
MTR,5091,Mesa Royalty Trust,0
MTUM,5099,BlackRock Institutional Trust Company N.A. - iShares MSCI USA Momentum Factor ETF,0
MU,5103,Micron Technology Inc.,0
MUB,5105,BlackRock Institutional Trust Company N.A. - iShares National Muni Bond ETF,0
MUR,5113,Murphy Oil Corp.,0
MVO,5122,MV Oil Trust,0
MXC,5127,Mexco Energy Corp,0
MYGN,5140,"Myriad Genetics, Inc.",0
NBIX,5185,"Neurocrine Biosciences, Inc.",0
NCLH,5201,Norwegian Cruise Line Holdings Ltd,0
NCNA,9402,NuCana plc - ADR,0
NDAQ,5210,Nasdaq Inc - 144A,0
NDSN,5217,Nordson Corp.,0
NEE,5221,NextEra Energy Inc,0
NEM,5231,Newmont Corp,0
NFLX,5256,Netflix Inc.,0
NI,5283,NiSource Inc,0
NIU,10944,Niu Technologies - ADR,0
NKE,5296,"Nike, Inc. - Class B",0
NKTR,5299,Nektar Therapeutics,0
NLTX,11871,Neoleukin Therapeutics Inc,0
NNDM,5331,Nano Dimension Ltd - ADR,0
NOC,5341,Northrop Grumman Corp.,0
NOG,5343,Northern Oil and Gas Inc.,0
NOW,5353,ServiceNow Inc,0
NRG,5366,NRG Energy Inc.,0
NRT,5371,North European Oil Royalty Trust - Unit,0
NSC,5377,Norfolk Southern Corp.,0
NSTG,5390,Nanostring Technologies Inc,0
NTAP,5393,Netapp Inc,0
NTES,5398,NetEase Inc - ADR,0
NTLA,5408,Intellia Therapeutics Inc,0
NTRA,5412,Natera Inc,0
NTRS,5415,Northern Trust Corp.,0
NUE,5422,Nucor Corp.,0
NVAX,5440,"Novavax, Inc.",0
NVCR,5442,NovoCure Ltd,0
NVDA,5443,NVIDIA Corp,0
NVR,5457,NVR Inc.,0
NVS,5459,Novartis AG - ADR,0
NVTA,5460,Invitae Corp,0
NWL,5467,Newell Brands Inc,0
NWS,5471,News Corp - Class B,0
NWSA,5472,News Corp - Class A,0
NXE,8447,NexGen Energy Ltd,0
NXPI,5482,NXP Semiconductors NV,0
O,5506,Realty Income Corp.,0
ODFL,5534,"Old Dominion Freight Line, Inc.",0
OKE,5575,Oneok Inc.,0
OKTA,5578,Okta Inc - Class A,0
OMC,5590,"Omnicom Group, Inc.",0
OMER,5594,Omeros Corporation,0
ON,5600,ON Semiconductor Corp.,0
ONVO,5619,Organovo Holdings Inc,0
OPK,5627,Opko Health Inc,0
ORCL,5640,Oracle Corp.,0
ORLY,5646,"O`Reilly Automotive, Inc.",0
ORTX,10990,Orchard Therapeutics plc - ADR,0
OVID,8409,Ovid Therapeutics Inc,0
OXY,5682,Occidental Petroleum Corp.,0
PACB,5693,Pacific Biosciences of California Inc,0
PANW,5707,Palo Alto Networks Inc,0
PARA,20673,Paramount Global - Class B,0
PARR,5709,Par Pacific Holdings Inc,0
PAYC,5716,Paycom Software Inc,0
PAYX,5717,Paychex Inc.,0
PBT,5743,Permian Basin Royalty Trust,0
PBYI,5745,Puma Biotechnology Inc,0
PCAR,5746,Paccar Inc.,0
PCG,5750,PG&E Corp.,0
PDD,10609,PDD Holdings Inc - ADR,0
PEAK,12577,Healthpeak Properties Inc.,0
PED,5795,PEDEVCO Corp,0
PEG,5796,Public Service Enterprise Group Inc.,0
PEP,5809,PepsiCo Inc,0
PFE,5827,Pfizer Inc.,0
PFF,5828,BlackRock Institutional Trust Company N.A. - iShares Trust iShares Preferred and Income Securities ETF,0
PFG,5830,Principal Financial Group Inc - Registered Shares,0
PG,5852,Procter & Gamble Co.,0
PGEN,14778,Precigen Inc,0
PGR,5865,Progressive Corp.,0
PH,5870,Parker-Hannifin Corp.,0
PHM,5881,PulteGroup Inc,0
PHX,5885,PHX Minerals Inc - Class A,0
PKG,5913,Packaging Corp Of America,0
PKI,5914,"Perkinelmer, Inc.",0
PLD,5925,Prologis Inc,0
PM,5944,Philip Morris International Inc,0
PNC,5961,PNC Financial Services Group Inc,0
PNR,5972,Pentair plc,0
PNW,5977,Pinnacle West Capital Corp.,0
POOL,5981,Pool Corporation,0
PPG,5991,"PPG Industries, Inc.",0
PPL,5996,PPL Corp,0
PRLB,6025,Proto Labs Inc,0
PRNT,6029,ARK Investment Management LLC - ARK 3D Printing ETF,0
PRT,10306,PermRock Royalty Trust - Unit,0
PRTA,6036,Prothena Corporation plc,0
PRU,6041,Prudential Financial Inc.,0
PRVB,10587,Provention Bio Inc,0
PSA,6043,Public Storage,0
PSX,6096,Phillips 66,0
PTC,6098,PTC Inc,0
PTCT,6099,PTC Therapeutics Inc,0
PTGX,6103,Protagonist Therapeutics Inc,0
PVL,10777,Permianville Royalty Trust - Unit,0
PWR,6143,"Quanta Services, Inc.",0
PXD,6147,Pioneer Natural Resources Co.,0
PYPL,6166,PayPal Holdings Inc,0
PZG,6174,Paramount Gold Nevada Corp,0
QCOM,6190,"Qualcomm, Inc.",0
QQQ,6224,Invesco Capital Management LLC - Invesco QQQ Trust Series 1,0
QRVO,6230,Qorvo Inc,0
QTRX,9737,Quanterix Corp,0
QUAL,6240,BlackRock Institutional Trust Company N.A. - iShares MSCI USA Quality Factor ETF,0
QURE,6244,uniQure N.V.,0
R,6256,"Ryder System, Inc.",0
RARE,6265,Ultragenyx Pharmaceutical Inc.,0
RCKT,9815,Rocket Pharmaceuticals Inc,0
RCL,6291,Royal Caribbean Group,0
RCUS,10156,Arcus Biosciences Inc,0
RDHL,6299,Redhill Biopharma - ADR,0
RE,6311,Everest Re Group Ltd,0
REG,6316,Regency Centers Corporation,0
REGN,6320,"Regeneron Pharmaceuticals, Inc.",0
REI,6321,Ring Energy Inc,0
REPL,10582,Replimune Group Inc,0
RETA,6338,Reata Pharmaceuticals Inc - Class A,0
RF,6348,Regions Financial Corp.,0
RGEN,6369,Repligen Corp.,0
RGNX,6373,Regenxbio Inc,0
RHI,6379,Robert Half International Inc.,0
RIGL,6390,Rigel Pharmaceuticals,0
RJF,6400,"Raymond James Financial, Inc.",0
RL,6405,Ralph Lauren Corp - Class A,0
RMD,6419,Resmed Inc.,0
ROK,6447,Rockwell Automation Inc,0
ROKU,9405,Roku Inc - Class A,0
ROL,6449,"Rollins, Inc.",0
ROP,6454,Roper Technologies Inc,0
ROST,6460,"Ross Stores, Inc.",0
RRC,6476,Range Resources Corp,0
RSG,6483,"Republic Services, Inc.",0
RSP,6488,Invesco Capital Management LLC - Invesco S&P 500 Equal Weight ETF,0
RTX,14952,Raytheon Technologies Corporation,0
RVNC,6514,Revance Therapeutics Inc,0
RYTM,9431,Rhythm Pharmaceuticals Inc.,0
SAGE,6565,Sage Therapeutics Inc,0
SBAC,6592,SBA Communications Corp - Class A,0
SBNY,6614,Signature Bank,0
SBOW,8410,SilverBow Resources Inc,0
SBR,6618,Sabine Royalty Trust - Unit,0
SBUX,6623,Starbucks Corp.,0
SCCO,6632,Southern Copper Corporation,0
SCHA,6644,Schwab Strategic Trust - Schwab U.S. Small-Cap ETF,0
SCHB,6645,Schwab Strategic Trust - Schwab U.S. Broad Market ETF,0
SCHD,6647,Schwab Strategic Trust - Schwab US Dividend Equity ETF,0
SCHF,6649,Schwab Strategic Trust - Schwab International Equity ETF,0
SCHG,6650,Schwab Strategic Trust - Schwab U.S. Large-Cap Growth ETF,0
SCHP,6656,Schwab Strategic Trust - Schwab U.S. Tips ETF,0
SCHW,6659,Charles Schwab Corp.,0
SCHX,6663,Schwab Strategic Trust - Schwab U.S. Large-Cap ETF,0
SD,6691,Sandridge Energy Inc New,0
SDY,6704,SPDR Series Trust - SPDR Dividend ETF,0
SE,9511,Sea Ltd - ADR,0
SEDG,6710,Solaredge Technologies Inc,0
SEE,6711,Sealed Air Corp.,0
SELB,6715,Selecta Biosciences Inc,0
SGEN,6748,Seagen Inc,0
SGMO,6755,Sangamo Therapeutics Inc,0
SHOP,6787,Shopify Inc - Class A,0
SHV,6792,BlackRock Institutional Trust Company N.A. - iShares Short Treasury Bond ETF,0
SHW,6793,Sherwin-Williams Co.,0
SHY,6794,BlackRock Institutional Trust Company N.A. - iShares 1-3 Year Treasury Bond ETF,0
SIGA,10179,SIGA Technologies Inc,0
SIRI,6817,Sirius XM Holdings Inc,0
SIVB,6820,SVB Financial Group,0
SJM,6828,J.M. Smucker Co.,0
SJT,6831,San Juan Basin Royalty Trust - Unit,0
SLB,6845,SLB,0
SM,6870,SM Energy Co,0
SNA,6905,"Snap-on, Inc.",0
SNAP,6907,Snap Inc - Class A,0
SNDX,6914,Syndax Pharmaceuticals Inc,0
SNMP,8498,Evolve Transition Infrastructure LP - Unit,0
SNPS,6932,"Synopsys, Inc.",0
SO,6940,Southern Company,0
SPG,6976,"Simon Property Group, Inc.",0
SPGI,6977,S&P Global Inc,0
SPLK,6988,Splunk Inc,0
SPOT,10226,Spotify Technology S.A.,0
SPPI,7002,"Spectrum Pharmaceuticals, Inc.",0
SPR,7004,Spirit Aerosystems Holdings Inc - Class A,0
SPRO,9577,Spero Therapeutics Inc,0
SPY,7025,SSgA Active Trust - SPDR S&P 500 ETF Trust,0
SPYG,7028,SPDR Series Trust - SPDR Portfolio S&P 500 Growth ETF,0
SQ,7031,Block Inc - Class A,0
SRE,7045,Sempra Energy,0
SRPT,7054,Sarepta Therapeutics Inc,0
SRRK,10377,Scholar Rock Holding Corp,0
SSYS,7091,Stratasys Ltd,0
STE,7110,Steris Plc,0
STNE,10971,StoneCo Ltd - Class A,0
STRO,10836,Sutro Biopharma Inc,0
STT,7145,State Street Corp.,0
STX,7152,Seagate Technology Holdings Plc,0
STZ,7153,Constellation Brands Inc - Class A,0
SUPN,7165,Supernus Pharmaceuticals Inc,0
SURF,10269,Surface Oncology Inc,0
SWK,7179,Stanley Black & Decker Inc,0
SWKS,7180,"Skyworks Solutions, Inc.",0
SWN,7182,Southwestern Energy Company,0
SWX,7184,Southwest Gas Holdings Inc,0
SYF,7194,Synchrony Financial,0
SYK,7196,Stryker Corp.,0
SYRS,7207,Syros Pharmaceuticals Inc.,0
SYY,7212,Sysco Corp.,0
T,7216,"AT&T, Inc.",0
TALO,10331,Talos Energy Inc,0
TAP,7233,Molson Coors Beverage Company - Class B,0
TBPH,7248,Theravance Biopharma Inc,0
TDG,7286,Transdigm Group Incorporated,0
TDOC,7290,Teladoc Health Inc,0
TDY,7295,Teledyne Technologies Inc,0
TEAM,7296,Atlassian Corporation - Class A,0
TECH,7299,Bio-Techne Corp,0
TEL,7308,TE Connectivity Ltd - Registered Shares,0
TER,7314,"Teradyne, Inc.",0
TFC,14623,Truist Financial Corporation,0
TFX,7326,Teleflex Incorporated,0
TGT,7340,Target Corp,0
TIP,7370,BlackRock Institutional Trust Company N.A. - iShares TIPS Bond ETF,0
TJX,7379,"TJX Companies, Inc.",0
TLT,7398,BlackRock Institutional Trust Company N.A. - iShares 20+ Year Treasury Bond ETF,0
TMO,7408,Thermo Fisher Scientific Inc.,0
TMUS,7412,T-Mobile US Inc,0
TPL,7449,Texas Pacific Land Corporation,0
TPR,9555,Tapestry Inc,0
TRMB,7473,Trimble Inc,0
TROW,7484,T. Rowe Price Group Inc.,0
TRV,7498,Travelers Companies Inc.,0
TSCO,7506,Tractor Supply Co.,0
TSLA,7510,Tesla Inc,0
TSN,7514,"Tyson Foods, Inc. - Class A",0
TT,14876,Trane Technologies plc - Class A,0
TTI,7531,"Tetra Technologies, Inc.",0
TTWO,7540,"Take-Two Interactive Software, Inc.",0
TVTX,16098,Travere Therapeutics Inc,0
TWLO,7561,Twilio Inc Class A,0
TWOU,7570,2U Inc,0
TWST,10991,Twist Bioscience Corp,0
TXN,7575,Texas Instruments Inc.,0
TXT,7577,Textron Inc.,0
TYL,7584,"Tyler Technologies, Inc.",0
UAL,7594,United Airlines Holdings Inc,0
UBX,10314,Unity Biotechnology Inc,0
UDR,7630,UDR Inc,0
UHS,7651,"Universal Health Services, Inc. - Class B",0
ULTA,7661,Ulta Beauty Inc,0
UNH,7677,Unitedhealth Group Inc,0
UNP,7681,Union Pacific Corp.,0
UPS,7690,"United Parcel Service, Inc. - Class B",0
URGN,8403,UroGen Pharma Ltd,0
URI,7698,"United Rentals, Inc.",0
USB,7711,U.S. Bancorp.,0
USMV,7731,BlackRock Institutional Trust Company N.A. - iShares MSCI USA Min Vol Factor ETF,0
UTHR,7743,United Therapeutics Corp,0
V,7768,Visa Inc - Class A,0
VB,7778,"Vanguard Group, Inc. - Vanguard Small Cap ETF",0
VBK,7782,"Vanguard Group, Inc. - Vanguard Small Cap Growth ETF",0
VBR,7785,"Vanguard Group, Inc. - Vanguard Small Cap Value ETF",0
VCIT,7790,"Vanguard Group, Inc. - Vanguard Intermediate-Term Corporate Bond ETF",0
VCSH,7795,"Vanguard Group, Inc. - Vanguard Short-Term Corporate Bond ETF",0
VCYT,7797,Veracyte Inc,0
VDE,7799,"Vanguard Group, Inc. - Vanguard Energy ETF",0
VEA,7802,"Vanguard Group, Inc. - Vanguard FTSE Developed Markets ETF",0
VEEV,7809,Veeva Systems Inc - Class A,0
VEU,7816,"Vanguard Group, Inc. - Vanguard FTSE All-World ex-US ETF",0
VFC,7817,VF Corp.,0
VGK,7823,"Vanguard Group, Inc. - Vanguard FTSE Europe ETF",0
VGT,7828,"Vanguard Group, Inc. - Vanguard Information Technology ETF",0
VGZ,7829,Vista Gold Corp.,0
VHT,7832,"Vanguard Group, Inc. - Vanguard Health Care ETF",0
VICI,10103,VICI Properties Inc,0
VIG,7839,"Vanguard Group, Inc. - Vanguard Dividend Appreciation FTF",0
VLO,7864,Valero Energy Corp.,0
VLUE,7870,BlackRock Institutional Trust Company N.A. - iShares MSCI USA Value Factor ETF,0
VMBS,7875,"Vanguard Group, Inc. - Vanguard Mortgage-Backed Securities ETF",0
VMC,7876,Vulcan Materials Co,0
VNDA,7883,Vanda Pharmaceuticals Inc,0
VNO,7887,Vornado Realty Trust,0
VNQ,7893,"Vanguard Group, Inc. - Vanguard Real Estate Index Fund ETF",0
VO,7897,"Vanguard Group, Inc. - Vanguard Mid-Cap ETF",0
VOC,7898,VOC Energy Trust - Unit,0
VOE,7900,"Vanguard Group, Inc. - Vanguard Mid-Cap Value ETF",0
VOO,7904,"Vanguard Group, Inc. - Vanguard S&P 500 ETF",0
VRNA,7923,Verona Pharma Plc - ADR,0
VRSK,7928,Verisk Analytics Inc,0
VRSN,7929,Verisign Inc.,0
VRTX,7934,"Vertex Pharmaceuticals, Inc.",0
VSTM,7946,Verastem Inc,0
VT,7948,"Vanguard Group, Inc. - Vanguard Total World Stock ETF",0
VTI,7953,"Vanguard Group, Inc. - Vanguard Total Stock Market ETF",0
VTIP,7954,Vanguard Malvern Funds - Vanguard Short-Term Inflation-Protected Securities Index Fund,0
VTR,7958,Ventas Inc,0
VTV,7961,"Vanguard Group, Inc. - Vanguard Value ETF",0
VUG,7966,"Vanguard Group, Inc. - Vanguard Growth ETF",0
VUZI,7968,Vuzix Corporation,0
VV,7969,"Vanguard Group, Inc. - Vanguard Large Cap ETF",0
VWO,7976,"Vanguard Group, Inc. - Vanguard FTSE Emerging Markets ETF",0
VXF,7979,"Vanguard Group, Inc. - Vanguard Extended Market Index ETF",0
VXUS,7980,"Vanguard Group, Inc. - Vanguard Total International Stock ETF",0
VYGR,7983,Voyager Therapeutics Inc,0
VYM,7984,"Vanguard Group, Inc. - Vanguard High Dividend Yield Indx ETF",0
VZ,7986,Verizon Communications Inc,0
WAB,7990,Westinghouse Air Brake Technologies Corp,0
WAT,8000,Waters Corp.,0
WBA,8004,Walgreens Boots Alliance Inc,0
WDAY,8032,Workday Inc - Class A,0
WDC,8033,Western Digital Corp.,0
WEC,8044,WEC Energy Group Inc,0
WELL,10128,Welltower Inc.,0
WFC,8055,Wells Fargo & Co.,0
WHR,8086,Whirlpool Corp.,0
WM,8112,"Waste Management, Inc.",0
WMB,8114,Williams Cos Inc,0
WMT,8123,Walmart Inc,0
WRB,8146,W.R. Berkley Corp.,0
WRK,8154,WestRock Co,0
WST,8167,"West Pharmaceutical Services, Inc.",0
WTI,8175,W & T Offshore Inc,0
WTW,20389,Willis Towers Watson Public Limited Co,0
WVE,8188,Wave Life Sciences Ltd.,0
WY,8195,Weyerhaeuser Co.,0
WYNN,8201,Wynn Resorts Ltd.,0
XBIT,8207,XBiotech Inc,0
XEL,8215,"Xcel Energy, Inc.",0
XENE,8217,Xenon Pharmaceuticals Inc,0
XLC,10453,SSgA Active Trust - Communication Services Select Sector SPDR Fund,0
XLE,8238,SSgA Active Trust - The Energy Select Sector SPDR Fund,0
XLF,8239,SSgA Active Trust - Financial Select Sector SPDR,0
XLI,8241,SSgA Active Trust - Industrial Select Sector SPDR,0
XLK,8242,SSgA Active Trust - Technology Select Sector SPDR ETF,0
XLV,8248,SSgA Active Trust - Health Care Select Sector SPDR,0
XLY,8249,SSgA Active Trust - Consumer Discretionary Select Sector SPDR,0
XNCR,8255,Xencor Inc,0
XOM,8259,Exxon Mobil Corp.,0
XPL,8267,Solitario Zinc Corp,0
XRAY,8272,DENTSPLY Sirona Inc,0
XYL,8299,Xylem Inc,0
YMAB,10815,Y-Mabs Therapeutics Inc,0
YUM,8325,Yum Brands Inc.,0
Z,8332,Zillow Group Inc - Class C,0
ZBH,8340,Zimmer Biomet Holdings Inc,0
ZBRA,8344,Zebra Technologies Corp. - Class A,0
ZION,8355,Zions Bancorporation N.A,0
ZLAB,9367,Zai Lab Limited - ADR,0
ZS,10167,Zscaler Inc,0
ZTS,8376,Zoetis Inc - Class A,0
ZYME,8384,Zymeworks BC Inc,0
